recid,NUMERO,TAREA,CATEGORY,SUBCATEGORY,COMPANY,INICIO_FALLA,CIERRE_FALLA,TIEMPO_TOTAL,COUNTRY,TG_REGION,LOCATION_FULL_NAME,OPENED_BY,ASSIGN_DATE,ASSIGNMENT,ASSIGN_DEPT,GRUPO_ASIGNACION,ASSIGNED_TO,BRIEF_DESCRIPTION,PROBLEM_TYPE,PRODUCT_TYPE,INICIO_AFECTACION,FIN_AFECTACION,DESC_FALLA,SEVERITY,TG_CANTIDAD_DSLAM,TG_SEVERIDAD,PROBLEM_STATUS,RESOLVED_GROUP,CLOSED_BY,RESOLUTION_CODE,RES_ANAL_CODE,STATUS,TG_CLIENTEEMPRESARIAL,NOMBRE_WO,INICIO_WO,FIN_WO,CLOSE_TIME,RESOLUCION,TG_CANT_CLIENTES_AFECTADOS,TG_CANTIDAD_CELDAS,Latitud_del_corte_de_FO,Longitud_del_corte_de_FO,Tipo,Falla_de_Fibra_Óptica,Reparación_Principal_FO,Reparación_específica_FO,Tramo_de_FO,Tramo_sin_Documentar
1,F6111514,F6111514-002,MOVIL,LTE,TELGUA,05/06/2025 11:40:33,06/06/2025 00:47:20,13.11,Guatemala,ORIENTE,WG3000_LA_PASION_TC,tmipuser,05/06/2025 15:30:15,GT - F.O MOVIL,WO - CCR GT,,romeoe.luna,Guatemala Sitio 4G-LTE FUERA DE SERVICIO Enodeb Name: LG3000 - LA_PASION_TC Enodeb IP: 10.111.219.21,CAIDA TOTAL,FALLA EN ENODEB,05/06/2025 11:29:14,05/06/2025 20:59:49,"Guatemala Sitio 4G-LTE FUERA DE SERVICIO Enodeb Name: LG3000 - LA_PASION_TC Enodeb IP: 10.111.219.21
NeType: MME| NeLocation: Centro| vendor: Huawei| neName: MMEGT01| alarmName: S1ap Link Down| alarmLocation: SubrackNo=0, SlotNo=10, ProcType=SGP, ProcNo=1, MCC=704, MNC=01, EnodeBType=MACRO, EnodeBCo",1,0,2,Closed,GT - F.O MOVIL,iboy.victor, REPOSICION DE TRAMO DE FIBRA OPTICA POR ROBO,FIBRA OPTICA,closed,f,,,,06-JUN-25," CONTRATISTA NACEL, DAÑA HILO EN MUFA A 48 METROS, SE PROCEDE A HACER FUSIONES EN POZO, SITIO QUEDA OPERATIVO SIN ALARMAS, VALIDA ALEJANDRO RODRIGUEZ DE FRONT OFICE, INDICA MARCOS CARILLAS.",0,1,16.523608,-90.185766,ULTIMA MILLA,SI,"3.CABLE FO CORTADO, DAÑO O ESTIRAMIENTO DEL CABLE FO TRONCA",3.2 INSTALACION DE CABLE DE FO DUCTO DE 12 HASTA 72 FO,TRAMO NO DOCUMENTADO,SAYAXCHE UR - LA PASION TC
2,F6112087,F6112087-001,MOVIL,BTS,TELGUA,05/06/2025 14:50:04,06/06/2025 06:10:07,15.33,Guatemala,ORIENTE,WG1374_EL_TAMARINDO,tmipuser,05/06/2025 14:57:42,GT - F.O MOVIL,WO - CCR GT,,jorger.ambrosio,"RADIOBASE_HUAWEI .""EL_TAMARINDO_ID_WG1374""",CAIDA TOTAL,BTS FALLA EN EL MEDIO DE TX,05/06/2025 14:39:13,06/06/2025 03:07:44,"ManagedObject: RADIOBASE_HUAWEI .""EL_TAMARINDO_ID_WG1374""
AddText: Guatemala Sitio 2GY3G Fuera por Transmision, RNC=GTVLL1R,  ---SITIO FUERA POR TRANSMISION WG1374 CRITICIDAD CRITICO_VIP",1,0,2,Closed,GT - F.O MOVIL,iboy.victor, REPOSICION DE TRAMO DE FIBRA OPTICA POR ROBO,FIBRA OPTICA,closed,f,,,,06-JUN-25," SE REPARAN 3 CORTES DE FIBRA, SE INSTALA TRAMO DE 300 METROS, SE INSTALAN 3 MUFAS, SITIO QUEDA OPERATIVO Y SIN ALARMAS, CONFIRMA JORGE LOCON DE FRONT OFICE, INDICA MARCOS CARIAS.",0,1,16.41.3163,-90.112160,ULTIMA MILLA,SI,"3.CABLE FO CORTADO, DAÑO O ESTIRAMIENTO DEL CABLE FO TRONCA","3.4 INSTALACION DE CABLE FO AEREO FIG 8, DE 12 A 48 FO",FINCA BONAZA-EL TAMARINDO,
3,F6113809,F6113809-002,DATOS,ROUTER,TELGUA,06/06/2025 10:04:47,06/06/2025 18:11:59,8.12,Guatemala,METROPOLITANA,LA JOYA DE PALENCIA GUA103 XT CELDA,tmipuser,06/06/2025 11:20:32,FRONT OFFICE,WO - CCR GT,,cristian.gonzalezr,GT | Alarma: The Device is offline | Descripcion: Device discontinuity | Equipo: GPALGTJAN1D1A02A29ENM1 | Puerto:  Interfaz Generica,CAIDA TOTAL,DESCONFIGURADO,06/06/2025 09:56:09,06/06/2025 17:27:27,"GT | Alarma: The Device is offline | Descripcion: Device discontinuity | Equipo: GPALGTJAN1D1A02A29ENM1 | Puerto:  Interfaz Generica
Tipo de Equipo: ATN910D - Direccion IP: 10.78.16.122
Causa Probable: 1.The device is offline. 2.The NMS server cannot be connected to the device through ICMP/SNMP.
Des",1,0,2,Closed,FRONT OFFICE,anthony.orellana,ACCIDENTE Y OTRAS CAUSAS,FIBRA OPTICA,closed,f,,,,06-JUN-25," SE COMUNICA JOSE ESCOBAR, INDICA QUE PERSONAL DE FIBRA ENCUENTRA CABLO OPTICO DAÑADO CERCANO A SITIO DE CELDA SE INSTALA UN TRAMO DE 100 MTS Y HACIENDO DOS EMPALMES DE 21 HILOS CADA UNO TRABAJO GRUPO ",1,0,14.679152,-90.364269,ACCESO,SI,"3.CABLE FO CORTADO, DAÑO O ESTIRAMIENTO DEL CABLE FO TRONCA",3.2 INSTALACION DE CABLE DE FO DUCTO DE 12 HASTA 72 FO,TRAMO NO DOCUMENTADO,LA JOYA PALENCIA HACIA PALENCIA
4,F6113843,F6113843-002,MOVIL,BTS,TELGUA,06/06/2025 10:21:36,06/06/2025 18:26:53,8.09,Guatemala,OCCIDENTE,WG6789_PAJAPITA_II_TC,tmipuser,06/06/2025 13:44:00,FRONT OFFICE,WO - CCR GT,,jorger.ambrosio,"RADIOBASE_HUAWEI .""WG6789_PAJAPITA_II_TC_ID_WG6789""",CAIDA PARCIAL,SECTOR O RADIO CON DANO,06/06/2025 10:07:12,06/06/2025 18:26:51,"ManagedObject: RADIOBASE_HUAWEI .""WG6789_PAJAPITA_II_TC_ID_WG6789""
AddText: Guatemala ---NodeB 3G FUERA, SECTORES FUERA DE SERVICIO EN: WG6789",1,0,2,Closed,FRONT OFFICE,deboral.arroyo,VANDALISMO,FIBRA OPTICA,closed,f,,,,06-JUN-25, CARLOS  MAZARIEGOS INDICA QUE SE ENCONTRO  UN  DAÑO  OCACIONADOS  POR  ARMA  DE  FUEGO   Y SE REALIZO REPARACION  Y SE CORRIO  RESERVA A 120 METROS DE DISTANCIA  Y SE REALIZO  12 FUSIONES  ATENDIERON ,0,1,14.72599,-92.03331,ULTIMA MILLA,SI,"3.CABLE FO CORTADO, DAÑO O ESTIRAMIENTO DEL CABLE FO TRONCA","3.4 INSTALACION DE CABLE FO AEREO FIG 8, DE 12 A 48 FO",TRAMO NO DOCUMENTADO, DE PAJAPITA  UR  HACIA PAJAPITA2
5,F6113887,F6113887-002,DATOS,ROUTER,TELGUA,06/06/2025 10:38:41,06/06/2025 17:19:13,6.68,Guatemala,CENTRAL,CERRO YUPILTEPEQUE,tmipuser,06/06/2025 12:12:26,FRONT OFFICE,WO - CCR GT,,cristian.gonzalezr,GT | Alarma: ETH_LOS | Descripcion: Loss of network interface connection | Equipo: JYUPGTCYN1D1B01A14ENM1 | Puerto: 100GE0/2/26 Interfaz Generica,CAIDA PARCIAL,DESCONFIGURADO,06/06/2025 10:10:27,06/06/2025 17:15:44,"GT | Alarma: ETH_LOS | Descripcion: Loss of network interface connection | Equipo: JYUPGTCYN1D1B01A14ENM1 | Puerto: 100GE0/2/26 Interfaz Generica
Tipo de Equipo: ATN910D - Direccion IP: 10.87.6.138
Causa Probable: 1. The physical connection was torn down. 2. The physical connection was attenuated si",1,0,2,Closed,FRONT OFFICE,anthony.orellana,TRABAJOS DE TERCEROS,FIBRA OPTICA,closed,f,,,,06-JUN-25, FALLA: 6113887 TAREA FO: 6113887-002 TIPO DE FALLA: ULTIMA MILLA TRAMO DE FIBRA: CERRO YUPILTEPEQUE / CELDA ATESCATEMPA LATITUD DE CORTE DE F. O: 14.159891 LONGITUD DE CORTE DE F.O: -89.738631 REPARAC,1,0,14.159891,-89.738631,ULTIMA MILLA,SI,"3.CABLE FO CORTADO, DAÑO O ESTIRAMIENTO DEL CABLE FO TRONCA",3.2 INSTALACION DE CABLE DE FO DUCTO DE 12 HASTA 72 FO,TRAMO NO DOCUMENTADO,Cerro Yupiltepeque / Celda Atescatempa
6,F6114103,F6114103-002,MOVIL,BTS,TELGUA,06/06/2025 12:10:13,06/06/2025 21:18:46,9.14,Guatemala,ORIENTE,WG3663_EL_ASTILLERO,tmipuser,06/06/2025 18:16:22,FRONT OFFICE,WO - CCR GT,,kevin.bautista,"RADIOBASE_HUAWEI .""EL_ASTILLERO_ID_WG3663""",CAIDA TOTAL,BTS FALLA EN EL MEDIO DE TX,06/06/2025 11:41:15,06/06/2025 21:18:45,"ManagedObject: RADIOBASE_HUAWEI .""EL_ASTILLERO_ID_WG3663""
AddText: Guatemala Sitio 2GY3G Fuera por Transmision, RNC=GTVLL1R,  ---SITIO FUERA POR TRANSMISION WG3663 CRITICIDAD CRITICO_VIP",1,0,2,Closed,FRONT OFFICE,bernie.cubur, REPOSICION DE TRAMO DE FIBRA OPTICA POR ROBO,FIBRA OPTICA,closed,f,,,,06-JUN-25, LEONARDO AQUINO INDICA QUE SE RE HACE EMPALMES EN MUFA VALIDA JUAN FUNES DE BO IP,0,1,15.042993,-90.25234,ACCESO,SI,"3.CABLE FO CORTADO, DAÑO O ESTIRAMIENTO DEL CABLE FO TRONCA",3.2 INSTALACION DE CABLE DE FO DUCTO DE 12 HASTA 72 FO,TRAMO NO DOCUMENTADO,SALAMA HACIA EL ASTILLERO
7,F6115039,F6115039-001,MOVIL,BTS,TELGUA,06/06/2025 19:01:08,07/06/2025 04:53:00,9.86,Guatemala,OCCIDENTE,WG2452_USPANTAN,tmipuser,06/06/2025 21:21:52,WO - CCR GT,WO - CCR GT,WO - UFINET,roger.funes,"RADIOBASE_HUAWEI .""USPANTAN_ID_WG2452""",CAIDA TOTAL,BTS FALLA DE ENERGIA,06/06/2025 08:32:42,07/06/2025 04:52:50,"ManagedObject: RADIOBASE_HUAWEI .""USPANTAN_ID_WG2452""
AddText: Guatemala --- SITIO FUERA POR AC !!! PreviaSac1  ---",1,0,2,Closed,WO - CCR GT,walfred.rubi,VANDALISMO,FIBRA OPTICA,closed,f,,,,07-JUN-25," 07/06/2025 01:50 AM ESTIMADO CLIENTE LE INFORMAMOS QUE SE FINALIZA ACCIONES CORRECTIVAS, SE VALIDA TODO UP, DAREMOS POR FINALIZADO EL TICKET: CAUSA: RETROEXCAVADORA SE METE EN PROPIEDAD PRIVADA REVENT",0,1,NO BRINDA PROVEEDOR,NO BRINDA PROVEEDOR,BACKBONE,SI,"3.CABLE FO CORTADO, DAÑO O ESTIRAMIENTO DEL CABLE FO TRONCA",3.2 INSTALACION DE CABLE DE FO DUCTO DE 12 HASTA 72 FO,USPANTAN-CUNEN_UFINET,
8,F6115196,F6115196-002,MOVIL,BTS,TELGUA,06/06/2025 20:26:59,07/06/2025 00:04:22,3.62,Guatemala,METROPOLITANA,WG1763_HOSPITAL_HERRERA_LLERANDY_BILLBOARD,tmipuser,06/06/2025 20:37:53,FRONT OFFICE,WO - CCR GT,,marcos.balsells,"RADIOBASE_HUAWEI .""HOSPITAL_HERRERA_LLERANDY_BILLBOARD_ID_WG1763""",CAIDA PARCIAL,SECTOR O RADIO CON DANO,06/06/2025 20:16:07,07/06/2025 00:04:21,"ManagedObject: RADIOBASE_HUAWEI .""HOSPITAL_HERRERA_LLERANDY_BILLBOARD_ID_WG1763""
AddText: Guatemala ---NodeB 3G FUERA, SECTORES FUERA DE SERVICIO EN: WG1763",1,0,2,Closed,FRONT OFFICE,bernie.cubur,TRABAJOS DE TERCEROS,FIBRA OPTICA,closed,f,,,,07-JUN-25, OSWALDO GARCIA INDICA QUE SE VALIDA CON MANUEL ARGUETA DE BO IP  AGREGA QUE SE REPARO DAÑO EXISTENTE DE CABLE POR TERCEROS  CON CAMBIO DEL MISMO CONJUNTO CON 24 FUCIONES,0,1,14.3627,-90.3041,ULTIMA MILLA,SI,"3.CABLE FO CORTADO, DAÑO O ESTIRAMIENTO DEL CABLE FO TRONCA",3.2 INSTALACION DE CABLE DE FO DUCTO DE 12 HASTA 72 FO,TRAMO NO DOCUMENTADO,VILLA DE GUADALUPE HACIA HOSPITAL_HERRERA_LLERANDY_BILLBOARD
9,F6115281,F6115281-002,DATOS,ROUTER,TELGUA,06/06/2025 21:55:03,07/06/2025 05:35:07,7.67,Guatemala,ORIENTE,COBAN UR,tmipuser,06/06/2025 22:05:29,GT - F.O MOVIL,WO - CCR GT,,marcos.balsells,GT | Alarma: Link Down | Descripcion: Link Down | Equipo: VCOBGTCON1T1B09A02EIM3 | Puerto: 50|100GE2/1/0 Interfaz Generica,CAIDA PARCIAL,DESCONFIGURADO,06/06/2025 21:43:04,07/06/2025 05:35:03,"GT | Alarma: Link Down | Descripcion: Link Down | Equipo: VCOBGTCON1T1B09A02EIM3 | Puerto: 50|100GE2/1/0 Interfaz Generica
Tipo de Equipo: NE40E(V8) - Direccion IP: 10.179.28.37
Causa Probable: The link breaks when the interface changes to down.
Descripcion de Alarma (ESP): Enlace caido
Mnemonico: V",1,0,2,Closed,GT - F.O MOVIL,gustavo.quezada,REPARACION O REPOSICION DE HARDWARE,FIBRA OPTICA,closed,f,,,,07-JUN-25," DIETER LEAL INFORMA SE ATIENDE CORTE DE FO A 12 KM DE COBAN HACIA SANTA CRUZ, SE REALIZAN 32 FUSIONES Y SE INSTALAN 2 MUFAS, SE TIRA 200 METROS DE CABLE VALIDA ALEJANDRO AJCHE DE BO IP CON NIVELES OPT",1,0,15.4067574,-90.4056466,BACKBONE,SI,"3.CABLE FO CORTADO, DAÑO O ESTIRAMIENTO DEL CABLE FO TRONCA",3.2 INSTALACION DE CABLE DE FO DUCTO DE 12 HASTA 72 FO,SANTA CRUZ VERAPAZ-COBAN,
10,F6115336,F6115336-002,MOVIL,BTS,TELGUA,06/06/2025 23:09:22,07/06/2025 15:36:46,16.46,Guatemala,ORIENTE,WG3869_SUTUN,tmipuser,07/06/2025 07:45:11,FRONT OFFICE,WO - CCR GT,,yensis.calgua,"RADIOBASE_HUAWEI .""SUTUN_ID_WG3869""",CAIDA TOTAL,BTS FALLA EN EL MEDIO DE TX,06/06/2025 22:50:34,07/06/2025 15:36:40,"ManagedObject: RADIOBASE_HUAWEI .""SUTUN_ID_WG3869""
AddText: Guatemala Sitio 2GY3G Fuera por Transmision, RNC=GTVLL3R,  ---SITIO FUERA POR TRANSMISION WG3869 CRITICIDAD BAJO",1,0,2,Closed,FRONT OFFICE,deboral.arroyo,CORRECCION ATENUACION FIBRA OPTICA,FIBRA OPTICA,closed,f,,,,07-JUN-25, SE COMUNICA JUAN LUIS CARDONA INDICA QUE POR PODA DE ARBOLES SE CORTO LA FIBRA SE CORRE RESERCA A 100 MERTROS Y SE REALIZA UNA MUFA DE 12 FUSIONES VALIDA BYRON RODRIGUEZ DE FRONTO OFICE ULTIMA MILLA C,0,1,15.0993,-90.5734,ULTIMA MILLA,SI,"3.CABLE FO CORTADO, DAÑO O ESTIRAMIENTO DEL CABLE FO TRONCA",3.1 INSTALACION DE CABLE DE FO AOTV DE 6 FO,TRAMO NO DOCUMENTADO,SUTUN HACIA CRUZ DE LOS YAGUALES
11,F6115779,F6115779-002,MOVIL,LTE,TELGUA,07/06/2025 07:29:10,07/06/2025 16:22:37,8.89,Guatemala,ORIENTE,LG3662_CRUCE_A_CHILASCO,tmipuser,07/06/2025 09:17:22,FRONT OFFICE,WO - CCR GT,,bryan.sutuj,Guatemala Sitio 4G-LTE FUERA DE SERVICIO Enodeb Name: LG3662 - CRUCE_A_CHILASCO Enodeb IP: 10.111.182.39,CAIDA TOTAL,FALLA EN ENODEB,07/06/2025 07:27:40,07/06/2025 16:22:33,"Guatemala Sitio 4G-LTE FUERA DE SERVICIO Enodeb Name: LG3662 - CRUCE_A_CHILASCO Enodeb IP: 10.111.182.39
NeType: MME| NeLocation: Centro| vendor: Huawei| neName: MMEGT01| alarmName: S1ap Link Down| alarmLocation: SubrackNo=1, SlotNo=5, ProcType=SGP, ProcNo=9, MCC=704, MNC=01, EnodeBType=MACRO, Enode",1,0,2,Closed,FRONT OFFICE,deboral.arroyo,CORRECCION ATENUACION FIBRA OPTICA,FIBRA OPTICA,closed,f,,,,07-JUN-25, SE COMUNICA FRANCISCO TORRES INDICA QUE DAÑO FUE PROVOADO POR PODA DE ARBOLES LATITUD 15.146802 LONGITUD -90.183655 CODIGO DE CIERRE 3 3.4 TRAMOS NIÑO PERDIDO HACIA PURULA BACKBONE VALIDA JOVANY OROZC,1,0,15.146802,-90.183655,BACKBONE,SI,"3.CABLE FO CORTADO, DAÑO O ESTIRAMIENTO DEL CABLE FO TRONCA","3.4 INSTALACION DE CABLE FO AEREO FIG 8, DE 12 A 48 FO",TRAMO NO DOCUMENTADO,NIÑO PERDIDO HACIA PURULA
12,F6116100,F6116100-002,TRANSMISION,DWDM,TELGUA,07/06/2025 10:26:14,08/06/2025 03:12:20,16.77,Guatemala,ORIENTE,RIO HONDO UR,tmipuser,07/06/2025 16:08:49,FRONT OFFICE,WO - CCR GT,,yensis.calgua,GT | Alarma: OSC_LOS | Descripcion: Loss of OSC interface input optical power | Equipo: GT_Rio Hondo | Puerto: 0-Zacapa - Los Amates-4-11AST2-2(RM2/TM2 Dir Los Amates)-OSC:1 Tipo de Equipo: OptiX OSN 9800 - Direccion IP: 10.179.5.2 Causa Probable: OSC_LOS is declared if the input power is lower than the OSC_LOS threshold. Descripcion de Alarma (ESP): Perdida de la potencia optica de entrada de la interfaz OSC Mnemonico: ZRHOGTRH,CAIDA TOTAL,DWDM SIN PROTECCION,07/06/2025 10:22:12,07/06/2025 17:44:37,GT | Alarma: OSC_LOS | Descripcion: Loss of OSC interface input optical power | Equipo: GT_Rio Hondo | Puerto: 0-Zacapa - Los Amates-4-11AST2-2(RM2/TM2 Dir Los Amates)-OSC:1 Tipo de Equipo: OptiX OSN 9800 - Direccion IP: 10.179.5.2 Causa Probable: OSC_LOS is declared if the input power is lower than,3,0,2,Closed,FRONT OFFICE,william.iquite,ACCIDENTE Y OTRAS CAUSAS,FIBRA OPTICA,closed,f,,,,08-JUN-25," DANY ANDRINO LLAMA E INDICA: SE REPARA DAÑO A 22.89 KMS AMANTES DIRECCION RIO HONDO POR ACCIDENTE AUTOMOVILISTICO. SE CORRE RESERVA A 200 METROS, INSTALACION DE 1 MUFA CON 24 FUSIONES, CRISTIAN SIGUEN",1,0,15.204334,-89.253193,BACKBONE,SI,"3.CABLE FO CORTADO, DAÑO O ESTIRAMIENTO DEL CABLE FO TRONCA",3.2 INSTALACION DE CABLE DE FO DUCTO DE 12 HASTA 72 FO,TRAMO NO DOCUMENTADO,RÍO HONDO -- LOS AMATES
13,F6116312,F6116312-002,MOVIL,LTE,TELGUA,07/06/2025 11:50:38,07/06/2025 18:44:12,6.89,Guatemala,ORIENTE,WG1416_CHAMPONA,tmipuser,07/06/2025 12:36:14,FRONT OFFICE,WO - CCR GT,,mynor.adqui,Guatemala Sitio 4G-LTE FUERA DE SERVICIO Enodeb Name: LG1416 - CHAMPONA Enodeb IP: 10.111.95.213,CAIDA TOTAL,FALLA EN ENODEB,07/06/2025 11:49:43,07/06/2025 18:43:56,"Guatemala Sitio 4G-LTE FUERA DE SERVICIO Enodeb Name: LG1416 - CHAMPONA Enodeb IP: 10.111.95.213
NeType: MME| NeLocation: Centro| vendor: Huawei| neName: MMEGT01| alarmName: S1ap Link Down| alarmLocation: SubrackNo=1, SlotNo=10, ProcType=SGP, ProcNo=5, MCC=704, MNC=01, EnodeBType=MACRO, EnodeBCode=1",1,0,2,Closed,FRONT OFFICE,deboral.arroyo,VANDALISMO,FIBRA OPTICA,closed,f,,,,07-JUN-25," SE COMUNCICA EDWIN BRONW ,INDICA QUE ROBA DE MUFA Y SE INSTALO MUFA NUEVA CON 48 FUSIONES TRABAJO IRVIN RAMOS Y EDWION BRAN  ONFIRMA ESTUARDO BILLAGRAN DE B.O.  UP OPERATION BASE STATION NAME RAT CELL",1,0,15.6959,-88.5801,ACCESO,SI,"3.CABLE FO CORTADO, DAÑO O ESTIRAMIENTO DEL CABLE FO TRONCA",3.2 INSTALACION DE CABLE DE FO DUCTO DE 12 HASTA 72 FO,TRAMO NO DOCUMENTADO,PUERTO BARRIOS UR HACIA CHAMPONA
14,F6116566,F6116566-002,DATOS,ROUTER,TELGUA,07/06/2025 14:25:51,07/06/2025 20:30:52,6.08,Guatemala,OCCIDENTE,LA TORTUGA CELDA,tmipuser,07/06/2025 14:32:39,FRONT OFFICE,WO - CCR GT,,mynor.adqui,GT | Alarma: Link Down | Descripcion: Link Down | Equipo: RTLHGTLTN1W1A02A04ENM1 | Puerto: 100GE0/2/26 Interfaz Generica,CAIDA PARCIAL,DESCONFIGURADO,07/06/2025 13:53:41,07/06/2025 18:46:50,"GT | Alarma: Link Down | Descripcion: Link Down | Equipo: RTLHGTLTN1W1A02A04ENM1 | Puerto: 100GE0/2/26 Interfaz Generica
Tipo de Equipo: ATN910D - Direccion IP: 10.72.63.125
Causa Probable: The link breaks when the interface changes to down.
Descripcion de Alarma (ESP): Enlace caido
Mnemonico: RTLHG",1,0,2,Closed,FRONT OFFICE,william.iquite,ACCIDENTE Y OTRAS CAUSAS,FIBRA OPTICA,closed,f,,,,07-JUN-25, SE LOCALIZA  DAÑÓ POR LLUVIAS EN EL SECTOR UN ÁRBOL SE CAYÓ EN LA CARRETERA DAÑANDO CABLE DE FIBRA SE CORRE RESERVA DE 15 METROS SE REALIZA 1 EMPALME DE 12 FUNCIONES SERVICIO QUEDA OPERATIVO   NIVELES,0,1,14.493420,-91.834769,ACCESO,SI,"3.CABLE FO CORTADO, DAÑO O ESTIRAMIENTO DEL CABLE FO TRONCA","3.4 INSTALACION DE CABLE FO AEREO FIG 8, DE 12 A 48 FO",TRAMO NO DOCUMENTADO,celda caballo blanco hacia la celda tortuga
15,F6117383,F6117383-002,DATOS,ROUTER,TELGUA,07/06/2025 21:33:31,08/06/2025 03:14:37,5.69,Guatemala,CENTRAL,CIUDAD PEDRO DE ALVARADO SHELTER,tmipuser,07/06/2025 21:43:20,FRONT OFFICE,WO - CCR GT,,marlon.martinez,GT | Alarma: ETH_LOS | Descripcion: Loss of network interface connection | Equipo: JMOYGTCPN1D1B01A221BM1 | Puerto: 50|100GE0/2/0 Interfaz Generica,CAIDA PARCIAL,DESCONFIGURADO,07/06/2025 21:10:25,08/06/2025 02:05:40,"GT | Alarma: ETH_LOS | Descripcion: Loss of network interface connection | Equipo: JMOYGTCPN1D1B01A221BM1 | Puerto: 50|100GE0/2/0 Interfaz Generica
Tipo de Equipo: ATN980C - Direccion IP: 10.87.2.172
Causa Probable: 1. The physical connection was torn down. 2. The physical connection was attenuated ",1,0,2,Closed,FRONT OFFICE,william.iquite, REPOSICION DE TRAMO DE FIBRA OPTICA POR ROBO,FIBRA OPTICA,closed,f,,,,08-JUN-25," COMENTARIO GENERAL DE CIERRE: SE LOCALIZÓ DAÑO A INFRAESTRUCTURA POR ÁRBOL CAÍDO DE GRAN DIMENSIÓN, SE LIBERÓEL CABLE ÓPTICO Y SE JALÓ RESERVA A 2 POSTES DE DISTANCIA, SE USÓ EN EL LUGAR UNA MUFA FOSC",1,0,13.883509,-90.136266,ACCESO,SI,"3.CABLE FO CORTADO, DAÑO O ESTIRAMIENTO DEL CABLE FO TRONCA",3.2 INSTALACION DE CABLE DE FO DUCTO DE 12 HASTA 72 FO,TRAMO NO DOCUMENTADO,Ur Pedro de Alvarado/Celda Ojo Agua
16,F6117621,F6117621-002,MOVIL,BTS,TELGUA,08/06/2025 02:07:40,08/06/2025 11:43:39,9.6,Guatemala,ORIENTE,CHILASCO CELDA,palencia.melvin,08/06/2025 02:16:26,FRONT OFFICE,WO - CCR GT,,marlon.martinez,FUERA DE SERVICIO SITIO LG3727 - CHILASCO - 10.111.182.126,CAIDA TOTAL,BTS  CON FALLA,08/06/2025 02:07:37,08/06/2025 10:04:02,FUERA DE SERVICIO SITIO LG3727 - CHILASCO - 10.111.182.126,3,0,2,Closed,FRONT OFFICE,miguel.rosales,REPARACION O REPOSICION DE HARDWARE,FIBRA OPTICA,closed,f,,,,08-JUN-25," SE COMUNICA DIETER LEAL E INFORMA QUE SE TRABAJO CON WILFREDO AC REYES, SE ATENDIO CORTE DE FO A 6 KM DE CRUCE DE CHILASCO A CHILASCO, QUEDANDO OPERATIVO ENLACE, DAÑO PROVOCADO POR CAIDA DE ARBOL. SE ",0,1,15.1241827,-90.1144154,ULTIMA MILLA,SI,"3.CABLE FO CORTADO, DAÑO O ESTIRAMIENTO DEL CABLE FO TRONCA",3.2 INSTALACION DE CABLE DE FO DUCTO DE 12 HASTA 72 FO,CRUCE CHILASCO-CHILASCO,
17,F6118027,F6118027-002,MOVIL,BSC,TELGUA,08/06/2025 07:59:25,08/06/2025 15:55:01,7.93,Guatemala,METROPOLITANA,TORRE ZONA 08,tmipuser,08/06/2025 10:42:44,FRONT OFFICE,WO - CCR GT,,thomas.peliz,Huawei_U2020_Mobile .gt.mx.u2020_movil_alm Managed_Element 8530,RENDIMIENTO,BSC FALLA DE HARDWARE,08/06/2025 07:54:13,08/06/2025 15:20:16,"NeType: MME| NeLocation: Centro| vendor: Huawei| neName: MMEGT01| alarmName: S1ap Link Down| alarmLocation: SubrackNo=1, SlotNo=5, ProcType=SGP, ProcNo=7, MCC=704, MNC=01, EnodeBType=MACRO, EnodeBCode=6789, EnodeBName=LG6789, EnodeBIPAddress1=10.74.92.102, EnodeBIPAddress2=0.0.0.0, FaultCause=Others",1,0,3,Closed,FRONT OFFICE,miguel.rosales,REPARACION O REPOSICION DE HARDWARE,HARDWARE,closed,f,,,,08-JUN-25," SE COMUNICA CARLOS MAZARIEGOS, INFORMA SE LOCACALIZA DAÑO POR ROEDORES Y SE CORRE RESERVA 120 METROS DE DISTANCIA Y SE REALIZA UN EMPALME DE 12 FUSIONES, VALIDA LUDWIN OROZCO DE BACOFFICE IP",0,0,14.72571,-92.03326,ULTIMA MILLA,SI,"3.CABLE FO CORTADO, DAÑO O ESTIRAMIENTO DEL CABLE FO TRONCA","3.4 INSTALACION DE CABLE FO AEREO FIG 8, DE 12 A 48 FO",TRAMO NO DOCUMENTADO,PAJAPITA UR HACIA PAJAPITA 2
18,F6118143,F6118143-002,DATOS,ROUTER,TELGUA,08/06/2025 09:15:42,08/06/2025 15:05:29,5.83,Guatemala,ORIENTE,CUSHAPA CELDA,tmipuser,08/06/2025 11:36:45,FRONT OFFICE,WO - CCR GT,,thomas.peliz,GT | Alarma: The Device is offline | Descripcion: Device discontinuity | Equipo: LSLJGTCUN1R1A01A01YOM1 | Puerto:  Interfaz Generica,CAIDA TOTAL,DESCONFIGURADO,08/06/2025 09:05:40,08/06/2025 14:55:40,"GT | Alarma: The Device is offline | Descripcion: Device discontinuity | Equipo: LSLJGTCUN1R1A01A01YOM1 | Puerto:  Interfaz Generica
Tipo de Equipo: ATN905 - Direccion IP: 10.87.6.24
Causa Probable: 1.The device is offline. 2.The NMS server cannot be connected to the device through ICMP/SNMP.
Descri",1,0,2,Closed,FRONT OFFICE,joser.marroquin,REPARACION O REPOSICION DE HARDWARE,FIBRA OPTICA,closed,f,,,,08-JUN-25," SE LLAMA A ELMER MATTA 58260595 PARA AVANCES, INFORMA QUE SE ENCUENTRAN EN SITIO, SOLICITAN CIERRE, EL DAÑO FUE PROVOCADO POR DISPARO, SE CORRIO UNA RESERVA Y SE HIZO UN EMPALME DE 12 FUSIONES.",0,1,14.62700,-89.67331,ULTIMA MILLA,SI,"3.CABLE FO CORTADO, DAÑO O ESTIRAMIENTO DEL CABLE FO TRONCA","3.4 INSTALACION DE CABLE FO AEREO FIG 8, DE 12 A 48 FO",TRAMO NO DOCUMENTADO,CRUZ DE VILLEDA-CUSHAPA
19,F6119267,F6119267-002,MOVIL,BTS,TELGUA,09/06/2025 00:14:41,09/06/2025 11:59:19,11.74,Guatemala,OCCIDENTE,WG4917_FINCA_SANTA_ISABEL_TC,tmipuser,09/06/2025 01:02:10,FRONT OFFICE,WO - CCR GT,,marcos.balsells,"RADIOBASE_HUAWEI .""FINCA_SANTA_ISABEL_TC_ID_WG4917""",CAIDA TOTAL,BTS FALLA EN EL MEDIO DE TX,09/06/2025 00:00:04,09/06/2025 11:59:16,"ManagedObject: RADIOBASE_HUAWEI .""FINCA_SANTA_ISABEL_TC_ID_WG4917""
AddText: Guatemala Sitio 2GY3G Fuera por Transmision, RNC=GTGDV2R,  ---SITIO FUERA POR TRANSMISION WG4917 CRITICIDAD BAJO",1,0,2,Closed,FRONT OFFICE,anthony.orellana,CORRECCION ATENUACION FIBRA OPTICA,FIBRA OPTICA,closed,f,,,,09-JUN-25, *FALLA: 6119267 *TAREA DE FO:  6119267 *TIPO DE FALLA: ACCESO *TRAMO DE FIBRA: GRANADA - SANTA ISABEL *LATIDUD DE CORTE DE F. O: 14.378429 *LONGITUD DE CORTE DE F.O: -91.869248 *REPARACION PRINCIPAL D,0,1,14.378429,-91.869248,ACCESO,SI,1.DAÑO / ROBO DE MUFA O CIERRE FO / FAT /HUB BOX / NAP,1.3 CAMBIO E INSTALACION DE MUFA O CIERRE OPTICO 72 HASTA 96,TRAMO NO DOCUMENTADO,GRANADA - SANTA ISABEL
20,F6119770,F6119770-003,DATOS,ROUTER,TELGUA,09/06/2025 07:37:23,09/06/2025 20:51:32,13.24,Guatemala,CENTRAL,PALIN UR,tmipuser,09/06/2025 08:30:42,FRONT OFFICE,WO - CCR GT,,julio.alvarez,GT | Alarma: Link Down | Descripcion: Link Down | Equipo: EPALGTPAN1D1B05B361BM5 | Puerto: 50|100GE0/1/0 Interfaz Generica,CAIDA PARCIAL,DESCONFIGURADO,09/06/2025 07:36:24,09/06/2025 19:04:45,"GT | Alarma: Link Down | Descripcion: Link Down | Equipo: EPALGTPAN1D1B05B361BM5 | Puerto: 50|100GE0/1/0 Interfaz Generica
Tipo de Equipo: ATN980C - Direccion IP: 10.178.77.130
Causa Probable: The link breaks when the interface changes to down.
Descripcion de Alarma (ESP): Enlace caido
Mnemonico: EP",1,0,2,Closed,FRONT OFFICE,william.iquite,ACCIDENTE Y OTRAS CAUSAS,FIBRA OPTICA,closed,f,,,,09-JUN-25," SE LOCALIZÓ PRIMER DAÑO POR DESCARGA ELECTRICA EN LA INFRAESTRUCTURA, SE TRABAJÓ CON PRECAUCIÓN. SE INSTALO 200 METROS DE ADSS SE UBICÓ UN SEGUNDO DAÑO POR DESCARGA ELÉCTRICA SE INSTALÓ 200 METROS DE ",1,9,14.4252565,-90.6634478,ULTIMA MILLA,SI,"3.CABLE FO CORTADO, DAÑO O ESTIRAMIENTO DEL CABLE FO TRONCA",3.2 INSTALACION DE CABLE DE FO DUCTO DE 12 HASTA 72 FO,TRAMO NO DOCUMENTADO, Amatitlan - Palin
21,F6119903,F6119903-003,TRANSMISION,FIBRA OPTICA,TELGUA,09/06/2025 08:46:05,09/06/2025 20:43:04,11.95,Guatemala,OCCIDENTE,CAMBOTE,siguenza.cristian,09/06/2025 08:57:12,FRONT OFFICE,WO - CCR GT,WO - UFINET,cristian.gonzalezr,ALARMA DE LOS OF SIGNAL EN LA RED DWDM HUAWEI 9800 ENTRE LOS SITIOS DE GT_LA FLORESTA - GT_CAMBOTE,ENLACE FUERA DE SERVICIO,CORTE DE FIBRA,09/06/2025 08:46:03,09/06/2025 20:29:33,ALARMA DE LOS OF SIGNAL EN LA RED DWDM HUAWEI 9800 ENTRE LOS SITIOS DE GT_LA FLORESTA - GT_CAMBOTE,4,0,Falla sin Afectación,Closed,FRONT OFFICE,william.iquite,CORRECCION ATENUACION FIBRA OPTICA,FIBRA OPTICA,closed,f,,,,09-JUN-25," INFORMA ELDER FERNANDEZ QUE SE CIERRE, SE REHICIERON FUSIONES POR PARTE DE PERSONAL DE UFINET A 8.6 KILOMETROS DE FLORESTA A HUEHUETENANGO.  MEJORANDO LA ATENUACION DEL ENLACE.  SE TRABAJO CON WILFRED",0,0,NO INDICA,NO INDICA,ACCESO,SI,"3.CABLE FO CORTADO, DAÑO O ESTIRAMIENTO DEL CABLE FO TRONCA",3.1 INSTALACION DE CABLE DE FO AOTV DE 6 FO,TRAMO NO DOCUMENTADO,LA FLORESTA-  HUEHUETENANGO
22,F6120183,F6120183-002,MOVIL,LTE,TELGUA,09/06/2025 10:36:35,09/06/2025 20:09:23,9.55,Guatemala,ORIENTE,LG3408_ALDEA_EL_ROSARIO,tmipuser,09/06/2025 10:43:39,GT - F.O MOVIL,WO - CCR GT,,cristian.gonzalezr,Guatemala Sitio 4G-LTE FUERA DE SERVICIO Enodeb Name: LG3408 - ALDEA_EL_ROSARIO Enodeb IP: 10.111.95.51,CAIDA TOTAL,FALLA EN ENODEB,09/06/2025 10:34:15,09/06/2025 18:03:09,"Guatemala Sitio 4G-LTE FUERA DE SERVICIO Enodeb Name: LG3408 - ALDEA_EL_ROSARIO Enodeb IP: 10.111.95.51
NeType: MME| NeLocation: Centro| vendor: Huawei| neName: MMEGT01| alarmName: S1ap Link Down| alarmLocation: SubrackNo=1, SlotNo=8, ProcType=SGP, ProcNo=1, MCC=704, MNC=01, EnodeBType=MACRO, EnodeB",1,0,2,Closed,GT - F.O MOVIL,iboy.victor,ACCIDENTE Y OTRAS CAUSAS,FIBRA OPTICA,closed,f,,,,09-JUN-25," SE COMUNICA JOSE SAZO Y LUIS NAJERA, INDICA QUE SE INSTALACION 372 MTS DE FIBRA SE HICIERON DOS MUFAS UNA NUEVA Y UNA RECICLADA 24 FUSIONES EN TOTAL CON APOYO DE NATEL Y FUE PROBOCADO POR CAIDA DE ARB",0,4,15.536889,-88.839488,ACCESO,SI,"3.CABLE FO CORTADO, DAÑO O ESTIRAMIENTO DEL CABLE FO TRONCA","3.4 INSTALACION DE CABLE FO AEREO FIG 8, DE 12 A 48 FO",TRAMO NO DOCUMENTADO,ALDE EL ROSARIO HACIA CRUCE FRACECES
23,F6120248,F6120248-001,TRANSMISION,DWDM,TELGUA,09/06/2025 10:59:18,09/06/2025 20:06:59,9.13,Guatemala,CENTRAL,JUTIAPA CTRAL,tmipuser,09/06/2025 16:02:08,FRONT OFFICE,WO - CCR GT,,kevin.bautista,GT | Alarma: OSC_LOS | Descripcion: Loss of OSC interface input optical power | Equipo: GT_Jutiapa | Puerto: 0-Barberena/Chiquimula-13-11AST2-1(RM1/TM1-Dir Chiquimula)-OSC:1 Tipo de Equipo: OptiX OSN 9800 - Direccion IP: 10.210.4.84 Causa Probable: OSC_LOS is declared if the input power is lower than the OSC_LOS threshold. Descripcion de Alarma (ESP): Perdida de la potencia optica de entrada de la interfaz OSC Mnemonico: JTPAGTJU,CAIDA TOTAL,DWDM SIN PROTECCION,09/06/2025 10:54:30,09/06/2025 19:52:02,GT | Alarma: OSC_LOS | Descripcion: Loss of OSC interface input optical power | Equipo: GT_Jutiapa | Puerto: 0-Barberena/Chiquimula-13-11AST2-1(RM1/TM1-Dir Chiquimula)-OSC:1 Tipo de Equipo: OptiX OSN 9800 - Direccion IP: 10.210.4.84 Causa Probable: OSC_LOS is declared if the input power is lower tha,1,0,2,Closed,FRONT OFFICE,william.iquite,FALLA DUPLICADA,ADMINISTRATIVO,closed,f,,,,09-JUN-25," SE LLAMA A ELMER MATTA INDICA QUE SE ESTA ATENDIENDO CORTE CON LA FALLA F6120250 YA QUE ES EL MISMO CABLE. SOLICITA QUE SE ENVIE A CIERRE. INFORMA FRANCISCO TORRES QUE SE CIERRE, CABLE CORTADO POR CAM",1,0,14.677982,-89.622663,BACKBONE,SI,"3.CABLE FO CORTADO, DAÑO O ESTIRAMIENTO DEL CABLE FO TRONCA","3.4 INSTALACION DE CABLE FO AEREO FIG 8, DE 12 A 48 FO",CHIQUIMULA-JUTIAPA,
24,F6120250,F6120250-002,MOVIL,LTE,TELGUA,09/06/2025 10:59:23,09/06/2025 21:25:16,10.43,Guatemala,ORIENTE,WG3162_SAN_JOSE_LA_ARADA_II_SC,tmipuser,09/06/2025 11:10:14,GT - F.O MOVIL,WO - CCR GT,,cristian.gonzalezr,Guatemala Sitio 4G-LTE FUERA DE SERVICIO Enodeb Name: LG3162 - SAN_JOSE_LA_ARADA_II_SC Enodeb IP: 10.111.81.126,CAIDA TOTAL,FALLA EN ENODEB,09/06/2025 10:57:38,09/06/2025 19:39:31,"Guatemala Sitio 4G-LTE FUERA DE SERVICIO Enodeb Name: LG3162 - SAN_JOSE_LA_ARADA_II_SC Enodeb IP: 10.111.81.126
NeType: MME| NeLocation: Centro| vendor: Huawei| neName: MMEGT01| alarmName: S1ap Link Down| alarmLocation: SubrackNo=0, SlotNo=4, ProcType=SGP, ProcNo=11, MCC=704, MNC=01, EnodeBType=MACR",1,0,2,Closed,GT - F.O MOVIL,iboy.victor,FALLA DE RED COMERCIAL,FIBRA OPTICA,closed,f,,,,09-JUN-25," HANS BARRIOS INDICA QUE EL DAÑO FUE PROVOCADO POR CAMION DE VOLTEO, SE INSTALA 350 MTS DE CABLE, 2 POSTES, 10 PINZAS DE REMATE, 2 MUFAS 450 Y 48 PROTECTORES DE EMPALME, TRABAJO CON FRANCISCO TORRES, D",0,2,14.677966,-89.622598,BACKBONE,SI,"3.CABLE FO CORTADO, DAÑO O ESTIRAMIENTO DEL CABLE FO TRONCA","3.4 INSTALACION DE CABLE FO AEREO FIG 8, DE 12 A 48 FO",TRAMO NO DOCUMENTADO,SAN JOSE LA ARADA - IPALA
25,F6120439,F6120439-001,CONMUTACION,IMS_ACCESO,TELGUA,09/06/2025 11:32:23,09/06/2025 17:23:35,5.85,Guatemala,ORIENTE,JALAPA UR,tmipuser,09/06/2025 11:40:15,FRONT OFFICE,WO - CCR GT,,cristian.gonzalezr,GT - CORTE DE FIBRA EN ONTS EN H901GPSF DEL GPON M02_LJALGTJA_OLT_JALAPA,CAIDA PARCIAL,GPON-CORTE DE FIBRA OPTICA EN ONTS,07/06/2025 14:08:33,09/06/2025 15:26:24,"GT - CORTE DE FIBRA EN ONTS EN H901GPSF DEL GPON M02_LJALGTJA_OLT_JALAPA
 /shelf=0/slot=3_Port=8 ONUID= 7

Huawei/U2000;7342859;/shelf=0/slot=3/fb=0/domain=UNKNOWN/port=8/highPath=7/lowPath=0
native ProbableCause=The distribute fiber is broken or the OLT cannot receive expected optical signals from ",3,0,2,Closed,FRONT OFFICE,anthony.orellana,ACCIDENTE Y OTRAS CAUSAS,FIBRA OPTICA,closed,f,,,,09-JUN-25," SE COMUNICA JUAN LUIS CARDONA, INFORMA QUE SE CORTO LA FIBRA DE UN TRAMO DE PUNTO A PUNTO, VALIDA SAMARA PINELO DE CONMUTACION",0,1,14.3760,-89.5849,ULTIMA MILLA,SI,"3.CABLE FO CORTADO, DAÑO O ESTIRAMIENTO DEL CABLE FO TRONCA",3.1 INSTALACION DE CABLE DE FO AOTV DE 6 FO,TRAMO NO DOCUMENTADO,DE UR JALAPA HACIA OLT
26,F6120549,F6120549-002,TRANSMISION,MUX SDH,TELGUA,09/06/2025 12:08:56,09/06/2025 18:27:52,6.32,Guatemala,METROPOLITANA,GUARDA VIEJO ABAJO,luis.e.gonzalez,09/06/2025 14:44:51,FRONT OFFICE,WO - CCR GT,,kevin.bautista,AMX-2 || INC || INC || PUERTO SAN JOSE - GUARDA VIEJO || 2025060975000143,CAIDA TOTAL,MUX SDH SMT1,09/06/2025 12:08:54,09/06/2025 18:27:50,"AMX-2 || INC || INC || PUERTO SAN JOSE - GUARDA VIEJO || 2025060975000143
SOLICITAMOS SU APOYO PARA REVISAR EL SIGUIENTE ENLACE, ESTAMOS OBSERVANDO CORTE DE FIBRA INICIANDO A LAS 11:31 GMT-6
PUERTO SAN JOSE	GUARDA VIEJO	PUERTO SAN JOSE-GUARDA VIEJO
RUTA: CLARO	126 KM


SE ANEXAN MEDICIONES OTDR.

PU",3,0,2,Closed,FRONT OFFICE,anthony.orellana,MEDIO DE TX_EMPALME O FUSION DE FIBRA OPTICA,HARDWARE,closed,f,,,,09-JUN-25, FALLA: F6120549 TAREA FO: F6120549-001 TIPO DE FALLA: BACKBONE TRAMO DE FIBRA: AMX2 GUARDA VIEJO - PUERTO SAN JOSÉ LATITUD DE CORTE DE F. O: 14.4252565 LONGITUD DE CORTE DE F.O: -90.6634478 REPARACIÓN,1,0,14.4252565,-90.6634478,ACCESO,SI,"3.CABLE FO CORTADO, DAÑO O ESTIRAMIENTO DEL CABLE FO TRONCA",3.2 INSTALACION DE CABLE DE FO DUCTO DE 12 HASTA 72 FO,TRAMO NO DOCUMENTADO,Amx2 Guarda Viejo - Puerto San José
27,F6121756,F6121756-002,MOVIL,BTS,TELGUA,09/06/2025 20:52:41,10/06/2025 15:50:39,18.97,Guatemala,ORIENTE,WG3405_LA_LIBERTAD_LIVINGSTONE,tmipuser,10/06/2025 08:10:25,FRONT OFFICE,WO - CCR GT,,mynor.adqui,"RADIOBASE_HUAWEI .""LA_LIBERTAD_LIVINGSTONE_ID_WG3405""",CAIDA TOTAL,BTS FALLA EN EL MEDIO DE TX,09/06/2025 20:35:35,10/06/2025 15:50:01,"ManagedObject: RADIOBASE_HUAWEI .""LA_LIBERTAD_LIVINGSTONE_ID_WG3405""
AddText: Guatemala Sitio 2GY3G Fuera por Transmision, RNC=GTVLL1R,  ---SITIO FUERA POR TRANSMISION WG3405 CRITICIDAD CRITICO_VIP",1,0,2,Closed,FRONT OFFICE,deboral.arroyo,ACCIDENTE Y OTRAS CAUSAS,FIBRA OPTICA,closed,f,,,,10-JUN-25," SE COMUNICA JOSE SAZO E IRVIN RAMOS, INDICA QUE SE REHIZO FUSUIONES EN PROVEEDORES  UP OPERATION BASE STATION NAME RAT CELL ID CELL NAME ADMINISTRATIVE STATUS ACTIVATION STATUS OPERATING STATUS AVAILA",0,1,15.729152,-89.065289,ACCESO,SI,4.ATENUACION EN CONECTORES O HILOS FO / MALA CONECTIVIDAD EN,4.1 EMPALME O FUSION POR HILO DE FO EN DISTRIBUIDOR OPTICO,TRAMO NO DOCUMENTADO,la libertad liviston hacia rio dulce
28,F6121814,F6121814-001,TRANSMISION,RADIOS SDH,TELGUA,09/06/2025 21:37:05,12/06/2025 12:39:16,63.04,Guatemala,ORIENTE,GUASTATOYA UR,alejandro.rodriguez,09/06/2025 21:46:10,GT - F.O MOVIL,WO - CCR GT,,marioa.hernandez,"SE GENERA FALLA PARA REVISAR EL SIGUIENTE ENLACE, ESTAMOS OBSERVANDO POSIBLE CORTE DE FIBRA INICIAND",RENDIMIENTO,ESTACIONES REPETIDORAS EN SERVICIO CON CORTE DE ENERGIA INTERNA O EXTE,09/06/2025 21:37:03,12/06/2025 11:54:25,"SE GENERA FALLA PARA REVISAR EL SIGUIENTE ENLACE, ESTAMOS OBSERVANDO POSIBLE CORTE DE FIBRA INICIANDO A LAS 21:14 GMT-6, GUASTATOYA-RIO HONDO
RUTA: CLARO A 84.52 KM",3,0,3,Closed,GT - F.O MOVIL,diego.taguite,CORRECCION ATENUACION FIBRA OPTICA,FIBRA OPTICA,closed,f,,,,12-JUN-25," FAVOR INDICAR MOTIVO DE REAPERTURA O BIEN CONFIRMAR SI AUN SE TIENE INCONVENIENTE,",0,0,19.944742,-89.748825,BACKBONE,SI,"3.CABLE FO CORTADO, DAÑO O ESTIRAMIENTO DEL CABLE FO TRONCA",3.2 INSTALACION DE CABLE DE FO DUCTO DE 12 HASTA 72 FO,RIO HONDO-GUASTATOYA,
29,F6121846,F6121846-001,CLARO TV,RED HFC,TELGUA,09/06/2025 21:57:11,10/06/2025 09:51:20,11.9,Guatemala,METROPOLITANA,VILLA NUEVA UR/SALA DE DATOS II,omar.zambrano,09/06/2025 22:01:43,GT - F.O VOC,WO - CCR GT,,marioa.hernandez,"VIDEO HUB VIILA NUEVA, SE OBSERVAN VARIOS NODOS AFECTADOS SIN SEÑAL,",CAIDA TOTAL,INTERNET_TV_VOZ,09/06/2025 21:57:09,10/06/2025 09:50:57,"VIDEO HUB VIILA NUEVA, SE OBSERVAN VARIOS NODOS AFECTADOS SIN SEÑAL,",4,0,2,Closed,GT - F.O VOC,alfredoi.contreras,ATENUACION FIBRA OPTICA,FIBRA OPTICA,closed,f,,,,10-JUN-25," CENTRAL VILLA NUEVA HACIA NODO HFC, SON DIFERENTES NODOS, VARIOS PUNTOS.",1000,0,14.523635,-90.596087,BACKBONE,SI,"3.CABLE FO CORTADO, DAÑO O ESTIRAMIENTO DEL CABLE FO TRONCA",3.3 INSTALACION DE CABLE DE FO DUCTO DE 96 HASTA 144 FO,TRAMO NO DOCUMENTADO,"CENTRAL VILLA NUEVA HACIA NODO HFC, SON DIFERENTES NODOS, VA"
30,F6123109,F6123109-002,MOVIL,BTS,TELGUA,10/06/2025 11:01:52,10/06/2025 17:00:52,5.98,Guatemala,OCCIDENTE,WG4420_JEREZ_EL_ASINTAL_SC,tmipuser,10/06/2025 13:38:30,WO - CCR GT,WO - CCR GT,,jorger.ambrosio,"RADIOBASE_HUAWEI .""JEREZ_EL_ASINTAL_SC_ID_WG4420""",CAIDA TOTAL,BTS FALLA DE ENERGIA,04/06/2025 07:42:21,10/06/2025 17:00:42,"ManagedObject: RADIOBASE_HUAWEI .""JEREZ_EL_ASINTAL_SC_ID_WG4420""
AddText: Guatemala --- SITIO FUERA POR AC !!! PreviaSac1  ---",1,0,2,Closed,WO - CCR GT,romeoe.luna,CORRECCION ATENUACION FIBRA OPTICA,FIBRA OPTICA,closed,f,,,,10-JUN-25," FALLA: 6123109 *TAREA FO:*6123109-02 TIPO DE FALLA: ACCESOS LATITUD DE CORTE DE F. O: 14.552223 LONGITUD DE CORTE DE F.O: ,-91.729933 COMENTARIO GENERAL DE CIERRE: SE LOCALIZA DAÑO EN MUFFA POR FIBRAS",0,1,14.552223,-91.729933,ACCESO,SI,2.HILOS FO ROTOS/ MAL ACOMODO DE HILOS EN BANDEJAS / TUBOS H,2.1 INTERVENCION A MUFA O CIERRE FO/NAP/HUB BOX EXISTENTE EN,TRAMO NO DOCUMENTADO, INDICA QUE CORTE TOTAL A 594 MTS DEL SITIO JEREZ EL ASINTAL
31,F6123142,F6123142-002,MOVIL,BTS,TELGUA,10/06/2025 11:19:13,10/06/2025 21:25:32,10.11,Guatemala,ORIENTE,WG3312_FRONTERA_ANGUIATU,tmipuser,10/06/2025 13:29:48,GT - F.O MOVIL,WO - CCR GT,,kevin.bautista,"RADIOBASE_HUAWEI .""FRONTERA_ANGUIATU_ID_WG3312""",CAIDA TOTAL,BTS FALLA EN EL MEDIO DE TX,10/06/2025 11:08:48,10/06/2025 19:18:06,"ManagedObject: RADIOBASE_HUAWEI .""FRONTERA_ANGUIATU_ID_WG3312""
AddText: Guatemala ---SITIO FUERA POR TRANSMISION WG3312 CRITICIDAD CRITICO_VIP",1,0,2,Closed,GT - F.O MOVIL,iboy.victor,ACCIDENTE Y OTRAS CAUSAS,FIBRA OPTICA,closed,f,,,,10-JUN-25," SE COMUNICA JARED GARCIA INFORMA QUE FINALIZA TRABAJOS VALIDA LUIS CASTAÑEDA DE FRONTOFFICE SE COMUNICA ELMER MATTA, SE REALIZO EMPALMES DE 12 FUSIONES",0,1,14.777982,-89.622663,ULTIMA MILLA,SI,2.HILOS FO ROTOS/ MAL ACOMODO DE HILOS EN BANDEJAS / TUBOS H,2.1 INTERVENCION A MUFA O CIERRE FO/NAP/HUB BOX EXISTENTE EN,TRAMO NO DOCUMENTADO,ANYATU HACIA CONACASTE
32,F6123289,F6123289-001,CONMUTACION,IMS_ACCESO,TELGUA,10/06/2025 12:25:22,10/06/2025 16:27:04,4.03,Guatemala,METROPOLITANA,VILLA NUEVA UR,tmipuser,10/06/2025 12:53:12,FRONT OFFICE,WO - CCR GT,,cristian.gonzalezr,GT - CORTE DE FIBRA EN ONTS EN H903GPHF DEL GPON M01_GVNUGTVN_OLT_VILLA_NUEVA,CAIDA PARCIAL,GPON-CORTE DE FIBRA OPTICA EN ONTS,10/06/2025 12:09:10,10/06/2025 15:40:36,"GT - CORTE DE FIBRA EN ONTS EN H903GPHF DEL GPON M01_GVNUGTVN_OLT_VILLA_NUEVA
 /shelf=0/slot=6_Port=0 ONUID= 8

Huawei/U2000;167772184;/shelf=0/slot=6/fb=0/domain=UNKNOWN/port=0/highPath=8/lowPath=0
native ProbableCause=The distribute fiber is broken or the OLT cannot receive expected optical signal",3,0,2,Closed,FRONT OFFICE,anthony.orellana,ACCIDENTE Y OTRAS CAUSAS,FIBRA OPTICA,closed,f,,,,10-JUN-25," SE COMUNICA GILMAR HERNANDEZ, INFORMA TRAMO DE CABLE DE 96 HILOS DE 200 METROS INSTALADOS Y SE REALIZARON 2 EMPALMES CON CIERRE DE MOPAS, VALIDA SAMARA PINELO DE BACKOFFICE",1,0,14.522601,-90.596941,ULTIMA MILLA,SI,"3.CABLE FO CORTADO, DAÑO O ESTIRAMIENTO DEL CABLE FO TRONCA",3.3 INSTALACION DE CABLE DE FO DUCTO DE 96 HASTA 144 FO,TRAMO NO DOCUMENTADO,CENTRAL VILLA NUEVA - LOS HUBBOX
33,F6123513,F6123513-002,DATOS,SWITCH,TELGUA,10/06/2025 13:52:17,10/06/2025 17:53:36,4.02,Guatemala,METROPOLITANA,SAN RAYMUNDO UR,joser.marroquin,10/06/2025 13:58:50,FRONT OFFICE,WO - CCR GT,,hugok.anderson,GT | ALARMA: LINK DOWN | DESCRIPCION: LINK DOWN | EQUIPO: GSRAGTSRN1D1A01A341BM3 | PUERTO: 50|100GE0,CAIDA PARCIAL,FUERA DE SERVICIO,10/06/2025 13:52:16,10/06/2025 17:43:19,"GT | ALARMA: LINK DOWN | DESCRIPCION: LINK DOWN | EQUIPO: GSRAGTSRN1D1A01A341BM3 | PUERTO: 50|100GE0/1/0 INTERFAZ GENERICA
TIPO DE EQUIPO: ATN980C - DIRECCION IP: 10.174.171.73
CAUSA PROBABLE: THE LINK BREAKS WHEN THE INTERFACE CHANGES TO DOWN.
DESCRIPCION DE ALARMA (ESP): ENLACE CAIDO
MNEMONICO: GS",4,0,2,Closed,FRONT OFFICE,anthony.orellana,ACCIDENTE Y OTRAS CAUSAS,FIBRA OPTICA,closed,f,,,,10-JUN-25," SE COMUNICA JOSE ESCOBAR, INDCA QUE PERSONAL DE FIBRA REAPRA HILOS DAÑADOS EN MUFA A 2015 DE SAN RAYMUNDO TRABAJO EN LUGAR EQUIPO DE BYRON GASPARICO VALIDA ESTIVEN CHIN DE B.O IP",1,0,14.754594,-90.703948,ACCESO,SI,4.ATENUACION EN CONECTORES O HILOS FO / MALA CONECTIVIDAD EN,4.1 EMPALME O FUSION POR HILO DE FO EN DISTRIBUIDOR OPTICO,TRAMO NO DOCUMENTADO,de say raymundo hacia san juan sacatepequez
34,F6123732,F6123732-002,DATOS,SWITCH,TELGUA,10/06/2025 15:42:06,11/06/2025 00:24:37,8.71,Guatemala,ORIENTE,SANTA BARBARA Y MATANZAS CELDA,joser.marroquin,10/06/2025 16:19:40,FRONT OFFICE,WO - CCR GT,,jorger.ambrosio,GT | ALARMA: LINK DOWN | DESCRIPCION: LINK DOWN | EQUIPO: BSJEGTSBN1C1A01A21ENM1 | PUERTO: 25GE0/2/2,CAIDA PARCIAL,FUERA DE SERVICIO,10/06/2025 15:42:04,10/06/2025 21:36:05,"GT | ALARMA: LINK DOWN | DESCRIPCION: LINK DOWN | EQUIPO: BSJEGTSBN1C1A01A21ENM1 | PUERTO: 25GE0/2/23 CTP /SUB_PORT=764 INTERFAZ GENERICA
TIPO DE EQUIPO: ATN910D - DIRECCION IP: 10.178.71.8
CAUSA PROBABLE: THE LINK BREAKS WHEN THE INTERFACE CHANGES TO DOWN.
DESCRIPCION DE ALARMA (ESP): ENLACE CAIDO
",4,0,2,Closed,FRONT OFFICE,william.iquite, REPOSICION DE TRAMO DE FIBRA OPTICA POR ROBO,FIBRA OPTICA,closed,f,,,,11-JUN-25," SE ATENDIO CORTE DE FIBRA A 8 KILOMETROS DE LA UNION HACIA MATANZAS SANTA BARBARA, VALIDA SANTOS BATEN DE BO IP, INDICA DIETER LEAL.",1,7,15.129856,-90.180063,BACKBONE,SI,"3.CABLE FO CORTADO, DAÑO O ESTIRAMIENTO DEL CABLE FO TRONCA",3.2 INSTALACION DE CABLE DE FO DUCTO DE 12 HASTA 72 FO,TRAMO NO DOCUMENTADO,UNION BARRIOS - MATANZAS SANTA BARBARA
35,F6123814,,CONMUTACION,IMS_ACCESO,TELGUA,10/06/2025 16:25:16,11/06/2025 10:11:50,17.78,Guatemala,ORIENTE,SANTO TOMAS DE CASTILLA UR,tmipuser,10/06/2025 16:41:20,GT - F.O MOVIL,WO - CCR GT,,jorger.ambrosio,GT - CORTE DE FIBRA EN ONTS EN H903GPHF DEL GPON M02_IPBAGTST_OLT_STO_TOMAS_DE_CASTILLA,CAIDA PARCIAL,GPON-CORTE DE FIBRA OPTICA EN ONTS,10/06/2025 16:09:11,11/06/2025 09:47:38,"GT - CORTE DE FIBRA EN ONTS EN H903GPHF DEL GPON M02_IPBAGTST_OLT_STO_TOMAS_DE_CASTILLA
 /shelf=0/slot=8_Port=1 ONUID= 6

Huawei/U2000;167773350;/shelf=0/slot=8/fb=0/domain=UNKNOWN/port=1/highPath=6/lowPath=0
native ProbableCause=The distribute fiber is broken or the OLT cannot receive expected opti",1,0,2,Closed,GT - F.O MOVIL,diego.taguite,ACCIDENTE Y OTRAS CAUSAS,FIBRA OPTICA,closed,f,,,,11-JUN-25," FIBRA OPTICA KENNET BROWN, SE TRABAJO EN VM, MIGRACION DE OLT (EQUIPOS), MAURICIO SANCHES VALIDA DE BO CONMUTACION  TRAMO UR STO TOMAS DE CASTILLAS. SOLO ALLI SE TRABAJO",0,1,15.58.77,-88.57.24,ULTIMA MILLA,SI,"3.CABLE FO CORTADO, DAÑO O ESTIRAMIENTO DEL CABLE FO TRONCA",3.1 INSTALACION DE CABLE DE FO AOTV DE 6 FO,TRAMO NO DOCUMENTADO,UR STO TOMAS DE CASTILLAS. SOLO ALLI SE TRABAJO
36,F6124865,F6124865-002,DATOS,ROUTER,TELGUA,11/06/2025 04:33:50,11/06/2025 10:20:53,5.78,Guatemala,CENTRAL,LA GOMERA UR,tmipuser,11/06/2025 04:43:11,GT - F.O MOVIL,WO - CCR GT,,marlon.martinez,GT | Alarma: Physical Port Down | Descripcion: Physical Port Down(Entity) | Equipo: EGOMGTGON1D1A03A351BM4 | Puerto: GigabitEthernet0/8/0 Interfaz Generica,CAIDA TOTAL,DESCONFIGURADO,11/06/2025 04:12:28,11/06/2025 10:17:14,"GT | Alarma: Physical Port Down | Descripcion: Physical Port Down(Entity) | Equipo: EGOMGTGON1D1A03A351BM4 | Puerto: GigabitEthernet0/8/0 Interfaz Generica
Tipo de Equipo: ATN980C - Direccion IP: 10.178.64.3
Causa Probable: The physical interface was Down.
Descripcion de Alarma (ESP): Puerto fisico ",1,0,2,Closed,GT - F.O MOVIL,diego.taguite,DESASTRE NATURAL,FIBRA OPTICA,closed,f,,,,11-JUN-25, FIBRA OPTICA FALLA: F6124865 TAREA FO: F6124865-002 TIPO DE FALLA: ACCESO TRAMO DE FIBRA: UR LA GOMERA/CELDA SIPACATE LATITUD DE CORTE DE F. O: 14.027082 LONGITUD DE CORTE DE F.O: -91.096926 REPARACIÓ,0,1,14.027082,-91.096926,ACCESO,SI,"3.CABLE FO CORTADO, DAÑO O ESTIRAMIENTO DEL CABLE FO TRONCA",3.2 INSTALACION DE CABLE DE FO DUCTO DE 12 HASTA 72 FO,UR LA GOMERA-CELDA SIPACATE,
37,F6124889,F6124889-002,MOVIL,BTS,TELGUA,11/06/2025 04:58:22,11/06/2025 13:27:27,8.48,Guatemala,ORIENTE,ALDEA EL MILAGRO CELDA,william.iquite,11/06/2025 11:49:30,FRONT OFFICE,WO - CCR GT,,cristian.gonzalezr,RESYNC GUATEMALA SITIO 4G-LTE FUERA DE SERVICIO ENODEB NAME: LG3671 - ALDEA_EL_MILAGRO ENODEB IP: 10,CAIDA TOTAL,BTS  CON FALLA,11/06/2025 04:58:18,11/06/2025 13:27:23,"RESYNC GUATEMALA SITIO 4G-LTE FUERA DE SERVICIO ENODEB NAME: LG3671 - ALDEA_EL_MILAGRO ENODEB IP: 10.111.95.83
NETYPE: MME| NELOCATION: CENTRO| VENDOR: HUAWEI| NENAME: MMEGT01| ALARMNAME: S1AP LINK DOWN| ALARMLOCATION: SUBRACKNO=0, SLOTNO=10, PROCTYPE=SGP, PROCNO=6, MCC=704, MNC=01, ENODEBTYPE=MACRO",3,0,2,Closed,FRONT OFFICE,deboral.arroyo,FALLA DUPLICADA,ADMINISTRATIVO,closed,f,,,,11-JUN-25, SE COMUNICA KENNET BROWN INDICA QUE SE ENCONTRO MUFA ROBADA SE INSTALA MUFA CON 12 FUSIONES VALIDA WALTER MORAN DE FRONT OFICE LATITUD 15.5650 LONGITUD -88.9160 CODIGO DE CIERRE 3 3.2 ULTIMA MILLA TRA,0,1,15.5650,-88.9160,ULTIMA MILLA,SI,"3.CABLE FO CORTADO, DAÑO O ESTIRAMIENTO DEL CABLE FO TRONCA",3.2 INSTALACION DE CABLE DE FO DUCTO DE 12 HASTA 72 FO,TRAMO NO DOCUMENTADO, BUENOS AIRES RIO DULCE Y ALDREA EL MILAGRO
38,F6125749,F6125749-002,TRANSMISION,FIBRA OPTICA,TELGUA,11/06/2025 10:45:27,11/06/2025 22:28:36,11.72,Guatemala,ORIENTE,ZACAPA,tmipuser,11/06/2025 11:22:05,GT - F.O MOVIL,WO - CCR GT,WO - UFINET,cristian.gonzalezr,"RMDOMAIN .Alcatel_1354_General PATH ""01/SM16/ZCPAGTZCN1T1H4N6/IAMAGTAMN1T1H2N0_A14""",CAIDA TOTAL,CORTE DE FIBRA,11/06/2025 10:34:55,11/06/2025 22:28:32,"ManagedObject: RMDOMAIN .Alcatel_1354_General PATH ""01/SM16/ZCPAGTZCN1T1H4N6/IAMAGTAMN1T1H2N0_A14""
AddText: |{RMServiceState=inService|RMObjectType=physicallink}|Media Failure|01/SM16/ZCPAGTZCN1T1H4N6/IAMAGTAMN1T1H2N0_A14||{}|notAck|1 message=ALARM_NOTIF[notificationType=alarmRaise|currentAlarmId=91",3,0,2,Closed,GT - F.O MOVIL,gustavo.quezada,ACCIDENTE Y OTRAS CAUSAS,FIBRA OPTICA,closed,f,,,,11-JUN-25, UFINET INFORMA 11/06/2025 05:19 PM ESTIMADO CLIENTE VALIDAR ESTADO DE SU SERVICIO CAUSA DESPLOME DE POSTE SOLUCIÓN SE RECUPERA RESERVA Y SE INSTALARA CAJA DE EMPALME PARADA DE RELOJ A PARTIR DE LAS 11,120,0,NO BRINDA PROVEEDOR,NO BRINDA PROVEEDOR,BACKBONE,SI,"3.CABLE FO CORTADO, DAÑO O ESTIRAMIENTO DEL CABLE FO TRONCA",3.2 INSTALACION DE CABLE DE FO DUCTO DE 12 HASTA 72 FO,TRAMO NO DOCUMENTADO,ZACAPA LOS AMATES UFINET
39,F6125989,F6125989-002,DATOS,SWITCH,TELGUA,11/06/2025 11:56:23,11/06/2025 15:20:11,3.4,Guatemala,CENTRAL,JUTIAPA CTRAL,tmipuser,11/06/2025 12:32:20,FRONT OFFICE,WO - CCR GT,,cristian.gonzalezr,Guatemala || JTPAGTJUN1D1IGM2 || =InterfaceDown || TenGigabitEthernet0/1 || down ||  ||  || JUTIAPA CTRAL || 10.72.20.5,CAIDA PARCIAL,PUERTO FUERA DE SERVICIO,11/06/2025 11:50:41,11/06/2025 14:03:06,"Guatemala || JTPAGTJUN1D1IGM2 || =InterfaceDown || TenGigabitEthernet0/1 || down ||  ||  || JUTIAPA CTRAL || 10.72.20.5

Interface Down, omkState down
           ::::RAW DATA::::
            omkId = 6849c253b4235919496468ee
            omkTime = 1749664241
            omkDate = 
            omkNode ",1,0,2,Closed,FRONT OFFICE,anthony.orellana,DESASTRE NATURAL,FIBRA OPTICA,closed,f,,,,11-JUN-25," HECTOR ESQUIVEL INFORMA DAÑO FUE LOCACILZADA POR CAIDA DE ARBOL SE HIZO 18 FUSIONES A LA ESPERA DE CONFIRAMACION, CONFIRAM RAFAEL LOPEZ B.O.",1,0,14.29100184,-89.92696747,ACCESO,SI,"3.CABLE FO CORTADO, DAÑO O ESTIRAMIENTO DEL CABLE FO TRONCA",3.2 INSTALACION DE CABLE DE FO DUCTO DE 12 HASTA 72 FO,TRAMO NO DOCUMENTADO,CENTRAL JUTIAPA HACIA CAULOTE
40,F6126044,F6126044-002,MOVIL,LTE,TELGUA,11/06/2025 12:15:51,11/06/2025 17:49:38,5.56,Guatemala,OCCIDENTE,WG2970_LAS_PALMAS_HUEHUETENANGO,tmipuser,11/06/2025 14:53:50,FRONT OFFICE,WO - CCR GT,,kevin.bautista,Guatemala Sitio 4G-LTE FUERA DE SERVICIO Enodeb Name: LG2970 - LAS_PALMAS_HUEHUETENANGO Enodeb IP: 10.111.139.85,CAIDA TOTAL,FALLA EN ENODEB,11/06/2025 12:14:12,11/06/2025 17:49:24,"Guatemala Sitio 4G-LTE FUERA DE SERVICIO Enodeb Name: LG2970 - LAS_PALMAS_HUEHUETENANGO Enodeb IP: 10.111.139.85
NeType: MME| NeLocation: Centro| vendor: Huawei| neName: MMEGT01| alarmName: S1ap Link Down| alarmLocation: SubrackNo=2, SlotNo=0, ProcType=SGP, ProcNo=7, MCC=704, MNC=01, EnodeBType=MACR",1,0,2,Closed,FRONT OFFICE,deboral.arroyo,REPARACION O REPOSICION DE HARDWARE,FIBRA OPTICA,closed,f,,,,11-JUN-25," SE COMUNICA CARLOS FUENTES, INFORMA QUE ENLACE ES ENTRE GRACIAS A DIOS Y LA TRINIDAD, DENNIS MAZARIEGOS DE BO IP CONFIRMA NIVELES EN RANGO. DE LOS TRABAJOS EJECUTADOS SE CORRIO UNA RESERVA DE 200 METR",0,1,16.0246,-91.7127,BACKBONE,SI,"3.CABLE FO CORTADO, DAÑO O ESTIRAMIENTO DEL CABLE FO TRONCA","3.4 INSTALACION DE CABLE FO AEREO FIG 8, DE 12 A 48 FO",TRAMO NO DOCUMENTADO,LA TRINIDAD-GRACIAS A DIOS
41,F6126181,F6126181-002,MOVIL,LTE,TELGUA,11/06/2025 13:06:54,11/06/2025 23:45:42,10.65,Guatemala,ORIENTE,WG5252_TELEMAN_II_C,tmipuser,11/06/2025 16:11:33,GT - F.O MOVIL,WO - CCR GT,WO - UFINET,jorger.ambrosio,Guatemala Sitio 4G-LTE FUERA DE SERVICIO Enodeb Name: LG5252 - TELEMAN_II_C Enodeb IP: 10.111.95.212,CAIDA TOTAL,FALLA EN ENODEB,11/06/2025 13:02:27,11/06/2025 23:45:38,"Guatemala Sitio 4G-LTE FUERA DE SERVICIO Enodeb Name: LG5252 - TELEMAN_II_C Enodeb IP: 10.111.95.212
NeType: MME| NeLocation: Centro| vendor: Huawei| neName: MMEGT01| alarmName: S1ap Link Down| alarmLocation: SubrackNo=2, SlotNo=3, ProcType=SGP, ProcNo=9, MCC=704, MNC=01, EnodeBType=MACRO, EnodeBCod",1,0,2,Closed,GT - F.O MOVIL,herrera.enio,TRABAJOS DE TERCEROS,FIBRA OPTICA,closed,f,,,,11-JUN-25," 1/06/2025 10:56 PM ESTIMADO CLIENTE. LA BRIGADA DE APOYO HA ELIMINADO LA DEGRADACIÓN DETECTADA. SE SOLICITÓ LA VALIDACIÓN CORRESPONDIENTE Y EL SUPERVISOR DE CLARO, MARCO PACAY, CONFIRMA QUE EL ENLACE ",0,38,NO BRINDA PROVEEDOR,NO BRINDA PROVEEDOR,ACCESO,SI,"3.CABLE FO CORTADO, DAÑO O ESTIRAMIENTO DEL CABLE FO TRONCA",3.2 INSTALACION DE CABLE DE FO DUCTO DE 12 HASTA 72 FO,TRAMO NO DOCUMENTADO,El Estor-Claro Rio Dulce¿ ufinet
42,F6126341,F6126341-001,TRANSMISION,DWDM,TELGUA,11/06/2025 14:20:29,12/06/2025 04:06:09,13.76,Guatemala,OCCIDENTE,HUEHUETENANGO UR,tmipuser,12/06/2025 03:26:47,GT - F.O MOVIL,WO - CCR GT,,roger.funes,GT | Alarma: OSC_LOS | Descripcion: Loss of OSC interface input optical power | Equipo: GT_Huehuetenango | Puerto: 2-Cambote-15-11AST2-2(RM2/TM2-Dir Quiche)-OSC:1 Tipo de Equipo: OptiX OSN 9800 - Direccion IP: 10.179.4.186 Causa Probable: OSC_LOS is declared if the input power is lower than the OSC_LOS threshold. Descripcion de Alarma (ESP): Perdida de la potencia optica de entrada de la interfaz OSC Mnemonico: HUEHGTHU,RENDIMIENTO,DWDM SIN PROTECCION,11/06/2025 14:13:26,12/06/2025 04:06:02,GT | Alarma: OSC_LOS | Descripcion: Loss of OSC interface input optical power | Equipo: GT_Huehuetenango | Puerto: 2-Cambote-15-11AST2-2(RM2/TM2-Dir Quiche)-OSC:1 Tipo de Equipo: OptiX OSN 9800 - Direccion IP: 10.179.4.186 Causa Probable: OSC_LOS is declared if the input power is lower than the OSC_,1,0,3,Closed,GT - F.O MOVIL,gustavo.quezada,REPARACION O REPOSICION DE HARDWARE,FIBRA OPTICA,closed,f,,,,12-JUN-25," SE PROCEDE A CIERRE CARLOS ICHEL CONFIRMA NIVELES EN RANGO UFINET INFORMA VIA CORREO 11/06/2025 06:08 PM ESTIMADO CLIENTE, NOS COMPLACE INFORMARLE QUE NUESTRO PERSONAL HA VALIDADO QUE EL CLINETE CONFI",0,0,NO BRINDA UFINET,NO BRINDA UFINET,ULTIMA MILLA,SI,"3.CABLE FO CORTADO, DAÑO O ESTIRAMIENTO DEL CABLE FO TRONCA",3.2 INSTALACION DE CABLE DE FO DUCTO DE 12 HASTA 72 FO,TRAMO NO DOCUMENTADO,HUEHUETENANGO -- QUICHE
43,F6126912,F6126912-002,TRANSMISION,DWDM,TELGUA,11/06/2025 19:27:23,12/06/2025 09:54:13,14.45,Guatemala,OCCIDENTE,COATEPEQUE UR,lopez.estefan,11/06/2025 19:37:00,GT - F.O MOVIL,WO - CCR GT,WO - UFINET,roger.funes,PERDIDA DE SEÑAL ÓPTICA A NIVEL DWDM REGIONAL HUAWEI ENTRE COATEPEQUE - TECUN UMAN,ENLACE FUERA DE GESTION,CORTE DE FIBRA,11/06/2025 19:27:22,12/06/2025 09:27:47,PERDIDA DE SEÑAL ÓPTICA A NIVEL DWDM REGIONAL HUAWEI ENTRE COATEPEQUE - TECUN UMAN,1,0,Falla con Afectación,Closed,GT - F.O MOVIL,diego.taguite,CORRECCION ATENUACION FIBRA OPTICA,FIBRA OPTICA,closed,f,,,,12-JUN-25, 12/06/2025 09:22:47 GUATEMALA/CENTRO AMERICA (PABLO DANIEL RODRIGUEZ GALINDO): SE OBSERVA SEGMENTO OPERATIVO Y CON NIVELES EN RANGO   GT_TECUN UMAN-NAYUGTTUN1T1B06B03HSN0-O-SHELF2(COATEPEQUE)-4-13FIU-,1,0,NO INDICA,NO INDICA,BACKBONE,SI,1.DAÑO / ROBO DE MUFA O CIERRE FO / FAT /HUB BOX / NAP,1.1 CAMBIO E INSTALACION DE MUFA O CIERRE OPTICO/FAT/NAP/HUB,TECUN UMAN-COATEPEQUE_UFINET,
44,F6127575,,CLARO TV,RED HFC,TELGUA,12/06/2025 07:53:43,12/06/2025 14:59:04,7.09,Guatemala,METROPOLITANA,UTATLAN UR/SALA DE TRANSMISION,alfredoi.contreras,12/06/2025 10:55:45,GT - F.O VOC,WO - CCR GT,,marioa.hernandez,"UTAF01, NODO OFFLINE Y CABLE MODEMS CAIDOS",CAIDA TOTAL,INTERNET_TV_VOZ,12/06/2025 07:53:41,12/06/2025 14:59:03,"UTAF01, NODO OFFLINE Y CABLE MODEMS CAIDOS",4,0,2,Closed,GT - F.O VOC,gerardo.garcia,ATENUACION FIBRA OPTICA,FIBRA OPTICA,closed,f,,,,12-JUN-25," SE COMUNICA JOSE ESCOBAR E INFORMA QUE PERSONAL REAPRA DAÑO POR ARBOL CAIDO, REALIZANDO 48 FUSIONES 24 EN CADA EXTREMO, TRABAJO EN LUGAR PERSONAL DE ROLANDO MARTINEZ Y BYRON GASPARICO, VALIDA DEL BOC ",50,0,14.706626,-90.480764,ULTIMA MILLA,SI,"3.CABLE FO CORTADO, DAÑO O ESTIRAMIENTO DEL CABLE FO TRONCA",3.1 INSTALACION DE CABLE DE FO AOTV DE 6 FO,TRAMO NO DOCUMENTADO,UTATLAN-UTATLANF01
45,F6127953,F6127953-002,MOVIL,BSC,TELGUA,12/06/2025 10:28:14,12/06/2025 16:44:19,6.27,Guatemala,METROPOLITANA,TORRE ZONA 08,tmipuser,12/06/2025 14:33:00,FRONT OFFICE,WO - CCR GT,,jorger.ambrosio,Huawei_U2020_Mobile .gt.mx.u2020_movil_alm Managed_Element 8530,RENDIMIENTO,BSC FALLA DE HARDWARE,12/06/2025 10:25:49,12/06/2025 16:44:18,"NeType: MME| NeLocation: Centro| vendor: Huawei| neName: MMEGT01| alarmName: S1ap Link Down| alarmLocation: SubrackNo=0, SlotNo=3, ProcType=SGP, ProcNo=8, MCC=704, MNC=01, EnodeBType=MACRO, EnodeBCode=6789, EnodeBName=LG6789, EnodeBIPAddress1=10.74.92.102, EnodeBIPAddress2=0.0.0.0, FaultCause=Others",1,0,3,Closed,FRONT OFFICE,deboral.arroyo,RESTABLECIMIENTO DE TRANSMISION,TRANSMISION,closed,f,,,,12-JUN-25, FALLA: F6127953 TIPO DE FALLA: ÚLTIMA MILLA TRAMO DE FIBRA: UR PAJAPITA/PAJAPITA 2 LATITUD DE CORTE DE F. O: 14.72660 LONGITUD DE CORTE DE F.O: -92.03368 REPARACIÓN PRINCIPAL DE F.O.: 3 REPARACIÓN ESP,0,0,14.72660,-92.03368,ULTIMA MILLA,SI,"3.CABLE FO CORTADO, DAÑO O ESTIRAMIENTO DEL CABLE FO TRONCA","3.4 INSTALACION DE CABLE FO AEREO FIG 8, DE 12 A 48 FO",TRAMO NO DOCUMENTADO,Ur Pajapita/Pajapita 2
